Name,Category,Price,Stock,Image,Description
Assorted Character Keychains Left,Keychains,499,5,https://res.cloudinary.com/dstjglxh3/image/upload/v1779526180/nika-arts/products/assorted-character-keychains-left-assorted-character-keychains-left-1779526176797.jpg,Handmade crochet assorted character keychains left.
Assorted Character Keychains Right,Keychains,499,5,https://res.cloudinary.com/dstjglxh3/image/upload/v1779526182/nika-arts/products/assorted-character-keychains-right-assorted-character-keychains-right-1779526180563.jpg,Handmade crochet assorted character keychains right.
Bee Couple Keychains,Keychains,499,5,https://res.cloudinary.com/dstjglxh3/image/upload/v1779526183/nika-arts/products/bee-couple-keychains-bee-couple-keychains-1779526183032.jpg,Handmade crochet bee couple keychains.
Beer Happy Mug Keychain,Keychains,499,5,https://res.cloudinary.com/dstjglxh3/image/upload/v1779526184/nika-arts/products/beer-happy-mug-keychain-beer-happy-mug-keychain-1779526184112.jpg,Handmade crochet beer happy mug keychain.
Blue Kitty Dress Keychain,Keychains,499,5,https://res.cloudinary.com/dstjglxh3/image/upload/v1779526185/nika-arts/products/blue-kitty-dress-keychain-blue-kitty-dress-keychain-1779526185081.jpg,Handmade crochet blue kitty dress keychain.
Brown Puppy Keychain,Keychains,499,5,https://res.cloudinary.com/dstjglxh3/image/upload/v1779526186/nika-arts/products/brown-puppy-keychain-brown-puppy-keychain-1779526185954.jpg,Handmade crochet brown puppy keychain.
Butterfly Keychain Assorted Set,Keychains,499,5,https://res.cloudinary.com/dstjglxh3/image/upload/v1779526188/nika-arts/products/butterfly-keychain-assorted-set-butterfly-keychain-assorted-set-1779526187546.jpg,Handmade crochet butterfly keychain assorted set.
Butterfly Keychain Display,Keychains,499,5,https://res.cloudinary.com/dstjglxh3/image/upload/v1779526189/nika-arts/products/butterfly-keychain-display-butterfly-keychain-display-1779526188705.jpg,Handmade crochet butterfly keychain display.
Carrot Love Keychain,Keychains,499,5,https://res.cloudinary.com/dstjglxh3/image/upload/v1779526190/nika-arts/products/carrot-love-keychain-carrot-love-keychain-1779526189859.jpg,Handmade crochet carrot love keychain.
Cow Overalls Keychain,Keychains,499,5,https://res.cloudinary.com/dstjglxh3/image/upload/v1779526191/nika-arts/products/cow-overalls-keychain-cow-overalls-keychain-1779526190933.jpg,Handmade crochet cow overalls keychain.
Crochet Christmas Tree Keychains,Keychains,499,5,https://res.cloudinary.com/dstjglxh3/image/upload/v1779526192/nika-arts/products/crochet-christmas-tree-keychains-crochet-christmas-tree-keychains-1779526191772.jpg,Handmade crochet crochet christmas tree keychains.
Crochet Rose Bouquet Keychain,Keychains,499,5,https://res.cloudinary.com/dstjglxh3/image/upload/v1779526193/nika-arts/products/crochet-rose-bouquet-keychain-crochet-rose-bouquet-keychain-1779526192725.jpg,Handmade crochet crochet rose bouquet keychain.
Crochet Tomato Keychain,Keychains,499,5,https://res.cloudinary.com/dstjglxh3/image/upload/v1779526194/nika-arts/products/crochet-tomato-keychain-crochet-tomato-keychain-1779526193621.jpg,Handmade crochet crochet tomato keychain.
Crochet Turtle Keychains Front View,Keychains,499,5,https://res.cloudinary.com/dstjglxh3/image/upload/v1779526195/nika-arts/products/crochet-turtle-keychains-front-view-crochet-turtle-keychains-front-view-1779526194761.jpg,Handmade crochet crochet turtle keychains front view.
Crochet Turtle Keychains Side View,Keychains,499,5,https://res.cloudinary.com/dstjglxh3/image/upload/v1779526196/nika-arts/products/crochet-turtle-keychains-side-view-crochet-turtle-keychains-side-view-1779526195565.jpg,Handmade crochet crochet turtle keychains side view.
Dog Overalls Keychain,Keychains,499,5,https://res.cloudinary.com/dstjglxh3/image/upload/v1779526197/nika-arts/products/dog-overalls-keychain-dog-overalls-keychain-1779526196578.jpg,Handmade crochet dog overalls keychain.
Evil Eye And Rainbow Flower Keychains,Keychains,499,5,https://res.cloudinary.com/dstjglxh3/image/upload/v1779526198/nika-arts/products/evil-eye-and-rainbow-flower-keychains-evil-eye-and-rainbow-flower-keychains-1779526197429.jpg,Handmade crochet evil eye and rainbow flower keychains.
Evil Eye Turtle Keychain,Keychains,499,5,https://res.cloudinary.com/dstjglxh3/image/upload/v1779526199/nika-arts/products/evil-eye-turtle-keychain-evil-eye-turtle-keychain-1779526198502.jpg,Handmade crochet evil eye turtle keychain.
Lamb And Bunny Keychains,Keychains,499,5,https://res.cloudinary.com/dstjglxh3/image/upload/v1779526199/nika-arts/products/lamb-and-bunny-keychains-lamb-and-bunny-keychains-1779526199306.jpg,Handmade crochet lamb and bunny keychains.
Long Neck Bird Keychain,Keychains,499,5,https://res.cloudinary.com/dstjglxh3/image/upload/v1779526200/nika-arts/products/long-neck-bird-keychain-long-neck-bird-keychain-1779526200191.jpg,Handmade crochet long neck bird keychain.
Mini Crochet Bag Keychains Closeup,Keychains,499,5,https://res.cloudinary.com/dstjglxh3/image/upload/v1779526201/nika-arts/products/mini-crochet-bag-keychains-closeup-mini-crochet-bag-keychains-closeup-1779526201019.jpg,Handmade crochet mini crochet bag keychains closeup.
Mini Crochet Bag Keychains Second Set,Keychains,499,5,https://res.cloudinary.com/dstjglxh3/image/upload/v1779526203/nika-arts/products/mini-crochet-bag-keychains-second-set-mini-crochet-bag-keychains-second-set-1779526202101.jpg,Handmade crochet mini crochet bag keychains second set.
Mini Crochet Bag Keychains Set,Keychains,499,5,https://res.cloudinary.com/dstjglxh3/image/upload/v1779526204/nika-arts/products/mini-crochet-bag-keychains-set-mini-crochet-bag-keychains-set-1779526203652.jpg,Handmade crochet mini crochet bag keychains set.
Positive Chick Keychain Closeup,Keychains,499,5,https://res.cloudinary.com/dstjglxh3/image/upload/v1779526205/nika-arts/products/positive-chick-keychain-closeup-positive-chick-keychain-closeup-1779526204987.jpg,Handmade crochet positive chick keychain closeup.
Positive Chick Keychain Set Of Three,Keychains,499,5,https://res.cloudinary.com/dstjglxh3/image/upload/v1779526206/nika-arts/products/positive-chick-keychain-set-of-three-positive-chick-keychain-set-of-three-1779526205832.jpg,Handmade crochet positive chick keychain set of three.
Positive Corn Keychain,Keychains,499,5,https://res.cloudinary.com/dstjglxh3/image/upload/v1779526207/nika-arts/products/positive-corn-keychain-positive-corn-keychain-1779526206694.jpg,Handmade crochet positive corn keychain.
Purple Kitty Dress Keychain,Keychains,499,5,https://res.cloudinary.com/dstjglxh3/image/upload/v1779526207/nika-arts/products/purple-kitty-dress-keychain-purple-kitty-dress-keychain-1779526207458.jpg,Handmade crochet purple kitty dress keychain.
Purple Rose Keychain,Keychains,499,5,https://res.cloudinary.com/dstjglxh3/image/upload/v1779526208/nika-arts/products/purple-rose-keychain-purple-rose-keychain-1779526208093.jpg,Handmade crochet purple rose keychain.
Rainbow Bunny Keychain,Keychains,499,5,https://res.cloudinary.com/dstjglxh3/image/upload/v1779526209/nika-arts/products/rainbow-bunny-keychain-rainbow-bunny-keychain-1779526208790.jpg,Handmade crochet rainbow bunny keychain.
Smiley Bee Keychain Closeup,Keychains,499,5,https://res.cloudinary.com/dstjglxh3/image/upload/v1779526210/nika-arts/products/smiley-bee-keychain-closeup-smiley-bee-keychain-closeup-1779526209930.jpg,Handmade crochet smiley bee keychain closeup.
Smiley Bee Keychain Set,Keychains,499,5,https://res.cloudinary.com/dstjglxh3/image/upload/v1779526211/nika-arts/products/smiley-bee-keychain-set-smiley-bee-keychain-set-1779526211175.jpg,Handmade crochet smiley bee keychain set.
Succulent Pot Keychain Success,Keychains,499,5,https://res.cloudinary.com/dstjglxh3/image/upload/v1779526212/nika-arts/products/succulent-pot-keychain-success-succulent-pot-keychain-success-1779526212182.jpg,Handmade crochet succulent pot keychain success.
Wise Owl Keychain Set,Keychains,499,5,https://res.cloudinary.com/dstjglxh3/image/upload/v1779526214/nika-arts/products/wise-owl-keychain-set-wise-owl-keychain-set-1779526213321.jpg,Handmade crochet wise owl keychain set.
Yellow Kitty Dress Keychain,Keychains,499,5,https://res.cloudinary.com/dstjglxh3/image/upload/v1779526215/nika-arts/products/yellow-kitty-dress-keychain-yellow-kitty-dress-keychain-1779526214901.jpg,Handmade crochet yellow kitty dress keychain.
